◇FCバルサミコ,◇タラモサラタ,◇アイスバイン,◇Rトルティージャ,◇モッセレン,◇ACパンチェッタ,◇シュラスコ,◇バラマンディ,◇スジョンガ,◇ミルザガセミ,◇カオマンガイ,◇バクラワ
イケルジャス,タンキアス,フード,オズチェス,デルサルー,グフォン,ゼータ,スチュアート,アン,ガフリ,ソムサック,アシュラフ
プヨル,イオニス,ラード,サローロ,カタイソン,マルチーズ,ロイゾン,アルベルト,トンバン,レザイー,ポンサワン,タリーフ
ティファニー,ヒルギオス,マルセン,カロセス,ゾノフェルト,ゴラッソ,マックセル,ストリンガー,チョ,アブタヒ,クワンチャイ,ナジム
チャボ,トライディス,ルーデンス,ゴダイバ,ヤングカンプ,サンブロック,テシオ,オランド,ファン,ガラズィ,ワンディー,ハージブ
サンデー,ヤキナス,サマー,コルコバード,ツナイデル,ダニデロ,ジューノ,カプリスキー,イム,ミールサリム,ウィーラポン,イブラーヒム
ガロンゾ,ニカラグアス,ポルテザッカ,ドバゴ,ジンハンデル,モレッティ,コガネイロ,ヒューイット,クォン,モアイエリ,デーチョー,カミール
ラスク,ヤンコプロス,プリンクル,マスカラーノ,コクーン,ガッツー,セロ,ファーナビー,ウム,ザンギャネ,ノッパラット,バンダル
ガルイス,ギオラス,メラメラ,マグレン,ワッペン,ピロロ,アンデス,ハーネス,ミン,エブラヒミ,ターッサック,シハーブ
アムル,ニコディス,ドラック,サルゲッチ,フォルスト,トッタルド,エナメルソン,キャスパー,チェ,ドラギ,パンルット,マスウード
ケルジオ,ヘラクレス,アサモヤ,アヘリ,デクレア,カテラッチ,オリアーノ,シドニー,チャ,カゼルニ,ラタナポン,サディード
アボガド,ツゥイリオス,ディーゼル,ワルケス,マドラー,ネスレ,バド,ベイカー,チョム,ローハニ,ガイチョン,クルト
アネスタ,タリーディス,ハスラー,ゴメス,バーレル,カバネロ,ロゼリオセロ,ヘイウッド,トゥ,ハタミ,アタチャイ,スワイリフ
ボルチッチ,カリスディス,ライプニッツ,フラサンド,アンメルシー,トルカ,スシーニョ,ハートソン,ミョン,ラヒミ,ファーサン,ムルシド
ダビドムラ,カツラディス,ペダルスキ,テレス,キーマ,ピポー,ジミソン,ボルジャー,ナムグン,ベイシ,チャワン,スライマーン
カルーチェ,ジュビロス,アイスマン,ソニン,オーイエス,マメリヤ,ココ,エドガー,パク,ナバヴィ,ウィサヌ,アミール
パピプケ,テオキャス,ローマン,ライオネル,エルマンス,ボリエル,カルロス,ゴールトン,ピョン,モハジェラニ,ポンピチット,バシュタ